title,company,location,link
Stardog Union,Stardog Union,Arlington,https://stackoverflow.com/jobs/companies/stardog-union
FINN,FINN,München,https://stackoverflow.com/jobs/companies/finn
CARIAD,CARIAD,Nürnberg; Wolfsburg; Mönsheim,https://stackoverflow.com/jobs/companies/cariad
Baker Hughes,Baker Hughes,Houston; Cramlington; Groby,https://stackoverflow.com/jobs/companies/baker-hughes
ZEISS Group,ZEISS Group,München; Oberkochen; Jena,https://stackoverflow.com/jobs/companies/zeiss-group
ImFusion GmbH,ImFusion GmbH,München,https://stackoverflow.com/jobs/companies/imfusion-gmbh
"Cipher Tech Solutions, Inc","Cipher Tech Solutions, Inc",Elkridge; Linthicum Heights; Vienna,"https://stackoverflow.com/jobs/companies/cipher-tech-solutions,-inc"
Picnic,Picnic,Düsseldorf; Amsterdam,https://stackoverflow.com/jobs/companies/picnic
Copado Strategic Services,Copado Strategic Services,San Francisco,https://stackoverflow.com/jobs/companies/copado-strategic-services
IMC Trading,IMC Trading,Amsterdam; Chicago; The Rocks,https://stackoverflow.com/jobs/companies/imc-trading
Creative Assembly,Creative Assembly,Horsham; Bulgaria,https://stackoverflow.com/jobs/companies/creative-assembly
atma.io,atma.io,Graz; Zagreb; Leinfelden-Echterdingen,https://stackoverflow.com/jobs/companies/atma.io
LeoVegas Mobile Gaming Group,LeoVegas Mobile Gaming Group,Stockholm; Västerås; Växjö,https://stackoverflow.com/jobs/companies/leovegas-mobile-gaming-group
Breuninger GmbH & Co.,Breuninger GmbH & Co.,Düsseldorf; Stuttgart,https://stackoverflow.com/jobs/companies/breuninger-gmbh-&-co.
Catawiki,Catawiki,Assen; Amsterdam,https://stackoverflow.com/jobs/companies/catawiki
ING Deutschland,ING Deutschland,Frankfurt am Main; Nürnberg,https://stackoverflow.com/jobs/companies/ing-deutschland
Motius GmbH,Motius GmbH,München; Stuttgart; Dubai,https://stackoverflow.com/jobs/companies/motius-gmbh
MUFG,MUFG,Phoenix; Charlotte; Dallas,https://stackoverflow.com/jobs/companies/mufg
Assurance,Assurance,Toronto; Seattle; Fort Lauderdale,https://stackoverflow.com/jobs/companies/assurance
Enveil,Enveil,Fulton,https://stackoverflow.com/jobs/companies/enveil
Yoco,Yoco,Cape Town; Amsterdam; Johannesburg,https://stackoverflow.com/jobs/companies/yoco
Adference GmbH,Adference GmbH,Lüneburg,https://stackoverflow.com/jobs/companies/adference-gmbh
Inductive Automation,Inductive Automation,Folsom,https://stackoverflow.com/jobs/companies/inductive-automation
ASML,ASML,Chandler; Veldhoven; East District,https://stackoverflow.com/jobs/companies/asml
SpotMe,SpotMe,Sofia; Lausanne,https://stackoverflow.com/jobs/companies/spotme
Capital Group,Capital Group,San Antonio; Irvine; Los Angeles,https://stackoverflow.com/jobs/companies/capital-group
PHOENIX CONTACT GmbH & Co. KG,PHOENIX CONTACT GmbH & Co. KG,Blomberg,https://stackoverflow.com/jobs/companies/phoenix-contact-gmbh-&-co.-kg
LinkedIn,LinkedIn,Beijing; New York; Sunnyvale,https://stackoverflow.com/jobs/companies/linkedin
Zühlke Engineering GmbH,Zühlke Engineering GmbH,Eschborn; München; Stuttgart,https://stackoverflow.com/jobs/companies/zühlke-engineering-gmbh
JPMorgan Chase & Co.,JPMorgan Chase & Co.,Buenos Aires; Herzliya; Bengaluru,https://stackoverflow.com/jobs/companies/jpmorgan-chase-&-co.
CREDIT SUISSE AG,CREDIT SUISSE AG,London; Zürich; Navi Mumbai,https://stackoverflow.com/jobs/companies/credit-suisse-ag
Vertica,Vertica,Cambridge; Pittsburgh,https://stackoverflow.com/jobs/companies/vertica
Zuhlke Engineering Ltd,Zuhlke Engineering Ltd,Manchester; Edinburgh; London,https://stackoverflow.com/jobs/companies/zuhlke-engineering-ltd
Adyen.,Adyen.,Madrid; Chicago; Amsterdam,https://stackoverflow.com/jobs/companies/adyen.
funda,funda,Amsterdam,https://stackoverflow.com/jobs/companies/funda
Delivery Hero SE,Delivery Hero SE,Berlin,https://stackoverflow.com/jobs/companies/delivery-hero-se
Apple,Apple,Cupertino; Austin; Haifa,https://stackoverflow.com/jobs/companies/apple
Zuhlke Engineering EOOD,Zuhlke Engineering EOOD,Sofia,https://stackoverflow.com/jobs/companies/zuhlke-engineering-eood
Y42,Y42,Ho Chi Minh City; Berlin; Albania,https://stackoverflow.com/jobs/companies/y42
Ford Motor Company,Ford Motor Company,Dearborn; Palo Alto; Detroit,https://stackoverflow.com/jobs/companies/ford-motor-company
Abbott,Abbott,California; Orlando; Bend,https://stackoverflow.com/jobs/companies/abbott
3M Health Information Systems and The Digital Science Community,3M Health Information Systems and The Digital Science Community,Albany; Silver Spring; Pittsburgh,https://stackoverflow.com/jobs/companies/3m-health-information-systems-and-the-digital-science-community
PayPay Corporation.,PayPay Corporation.,No office location,https://stackoverflow.com/jobs/companies/paypay-corporation.
AllTrails,AllTrails,San Francisco,https://stackoverflow.com/jobs/companies/alltrails
Fidelity Investments,Fidelity Investments,Westlake; Salt Lake City; Durham,https://stackoverflow.com/jobs/companies/fidelity-investments
Udemy,Udemy,Mountain View; Austin; Denver,https://stackoverflow.com/jobs/companies/udemy
Northwestern Mutual,Northwestern Mutual,Milwaukee; New York,https://stackoverflow.com/jobs/companies/northwestern-mutual
Thermo Fisher Scientific Careers,Thermo Fisher Scientific Careers,Hyderabad; Budapest; Austin,https://stackoverflow.com/jobs/companies/thermo-fisher-scientific-careers
"Sailpoint Technologies, Inc.","Sailpoint Technologies, Inc.",Austin,"https://stackoverflow.com/jobs/companies/sailpoint-technologies,-inc."
Fullscript,Fullscript,Ottawa; Scottsdale,https://stackoverflow.com/jobs/companies/fullscript
Geotab,Geotab,No office location,https://stackoverflow.com/jobs/companies/geotab
The Home Depot,The Home Depot,No office location,https://stackoverflow.com/jobs/companies/the-home-depot
Andela,Andela,No office location,https://stackoverflow.com/jobs/companies/andela
MBition (Mercedes Benz AG),MBition (Mercedes Benz AG),Berlin,https://stackoverflow.com/jobs/companies/mbition-(mercedes-benz-ag)
Dell Technologies,Dell Technologies,Seattle; Round Rock; Hopkinton,https://stackoverflow.com/jobs/companies/dell-technologies
Bloomberg LP,Bloomberg LP,New York; Princeton; London,https://stackoverflow.com/jobs/companies/bloomberg-lp
Canonical,Canonical,Taipei City; London; Montreal,https://stackoverflow.com/jobs/companies/canonical
Commonwealth Bank,Commonwealth Bank,Sydney; Eveleigh,https://stackoverflow.com/jobs/companies/commonwealth-bank
Warner Bros. Discovery,Warner Bros. Discovery,Knoxville; Sterling; New York,https://stackoverflow.com/jobs/companies/warner-bros.-discovery
Flip App,Flip App,Stuttgart,https://stackoverflow.com/jobs/companies/flip-app
Lufthansa Industry Solutions,Lufthansa Industry Solutions,Wolfsburg; Wetzlar; Stuttgart,https://stackoverflow.com/jobs/companies/lufthansa-industry-solutions
Caterpillar Inc.,Caterpillar Inc.,Chicago; Peoria; Bengaluru,https://stackoverflow.com/jobs/companies/caterpillar-inc.
BAE Systems Digital Intelligence,BAE Systems Digital Intelligence,Manchester; Brockworth; Leeds,https://stackoverflow.com/jobs/companies/bae-systems-digital-intelligence
Adevinta,Adevinta,Barcelona; Paris,https://stackoverflow.com/jobs/companies/adevinta
MOIA GmbH,MOIA GmbH,Berlin; Hamburg,https://stackoverflow.com/jobs/companies/moia-gmbh
DraftKings,DraftKings,Boston; Las Vegas; Sofia,https://stackoverflow.com/jobs/companies/draftkings
Erste Digital,Erste Digital,Wien; Praha 4; Bratislava,https://stackoverflow.com/jobs/companies/erste-digital
Amazon Web Services (AWS),Amazon Web Services (AWS),No office location,https://stackoverflow.com/jobs/companies/amazon-web-services-(aws)
"DICK'S Sporting Goods, Inc.","DICK'S Sporting Goods, Inc.",No office location,"https://stackoverflow.com/jobs/companies/dick's-sporting-goods,-inc."
Luxoft,Luxoft,Wrocław; Gdańsk; Torino,https://stackoverflow.com/jobs/companies/luxoft
G DATA CyberDefense AG,G DATA CyberDefense AG,Bochum,https://stackoverflow.com/jobs/companies/g-data-cyberdefense-ag
BAUHAUS AG,BAUHAUS AG,Mannheim,https://stackoverflow.com/jobs/companies/bauhaus-ag
PAYBACK,PAYBACK,München; Wien; Köln,https://stackoverflow.com/jobs/companies/payback
Zühlke Engineering AG,Zühlke Engineering AG,Bern; Schlieren,https://stackoverflow.com/jobs/companies/zühlke-engineering-ag
Audible,Audible,Newark; Cambridge; Seattle,https://stackoverflow.com/jobs/companies/audible
PwC,PwC,New York,https://stackoverflow.com/jobs/companies/pwc
If P&C Insurance,If P&C Insurance,Mölndal; Hvidovre; Espoo,https://stackoverflow.com/jobs/companies/if-p&c-insurance
"Student Researcher Intern, 2022",Google,서울,https://kr.indeed.com/viewjob?jk=6dd48f3771d01215
라인프렌즈 2022년 각 부문 수시,라인프렌즈,서울 용산구,https://kr.indeed.com/viewjob?jk=1015284880e2ff62
Software Engineer,Google,서울,https://kr.indeed.com/viewjob?jk=0cb4a784529cb1b8
"Software Engineer, Camera 3A",Google,서울,https://kr.indeed.com/viewjob?jk=af846ce8ea8351ab
"Customer Engineer, Gaming, Google Cloud",Google,서울,https://kr.indeed.com/viewjob?jk=bd007e22541bf6fb
Summer Internship Path : 석박사 맞춤형 인턴십,LG CNS,서울,https://kr.indeed.com/viewjob?jk=40c881f35bbfdb9b
파이썬 개발자 - Python Developer,axxessio GmbH,서울+1 지역,https://kr.indeed.com/viewjob?jk=6fa799897d8ef951
2022년 신입/경력사원 수시,벽산,서울 중구,https://kr.indeed.com/viewjob?jk=da69cd8a27564037
데이터 엔지니어/클라우드 엔지니어/데이터 플랫폼 개발분야 경력사원,LG전자,서울특별시,https://kr.indeed.com/viewjob?jk=f870e8c6ab4babcf
Backend Developer (Python/Senior/6년이상),위대한상상,서울 서초구,https://kr.indeed.com/viewjob?jk=992f17e9e0140eca
Technical Support Engineering-AKS,Microsoft,서울,https://kr.indeed.com/viewjob?jk=6d4c339f382395ab
"Associate Software Engineer, gReach Program for Veterans (보훈...",Google,서울,https://kr.indeed.com/viewjob?jk=2d887b3032ebc835
빅데이터 분야,LG유플러스,서울,https://kr.indeed.com/viewjob?jk=67c19d7ac0857ecd
[HDC 랩스] 2022년 상반기 경력 공개,현대산업개발,서울특별시,https://kr.indeed.com/viewjob?jk=e388dcd8eaea288a
2022 Graduate Hiring,eBay Inc.,서울,https://kr.indeed.com/viewjob?jk=2b36d7202048649b
[ HDC 랩스 ] 2022년 상반기 경력 공개,에이치디씨랩스,서울 용산구,https://kr.indeed.com/viewjob?jk=f6dd075d7c548083
Data Engineer & Scientist,LG전자,서울 영등포구,https://kr.indeed.com/viewjob?jk=b1c15b71e2c94056
한국필립모리스 2022년 상반기 수시,한국필립모리스㈜,서울 영등포구,https://kr.indeed.com/viewjob?jk=44e9ac7f0f94e784
[kt ds] 2022년 각 부문별 경력사원 수시,케이티디에스,서울 서초구,https://kr.indeed.com/viewjob?jk=b515669e8032265b
데이터분석가 - Global Leading Consulting Firm,에스에프인촌,서울,https://kr.indeed.com/viewjob?jk=300315c828d012f8
클라우드 부문 인재,신세계아이앤씨,서울 중구,https://kr.indeed.com/viewjob?jk=2a5b207c17d06e56
각 부문별,드림어스컴퍼니,서울 서초구,https://kr.indeed.com/viewjob?jk=89da943e9a11af36
JR0186078 AI Research Engineer Intern,인텔코리아,서울,https://kr.indeed.com/viewjob?jk=016de9bb83a8032d
AI 분야,LG유플러스,서울,https://kr.indeed.com/viewjob?jk=abdc136f65ceddd4
[경일게임아카데미] 자바/ 파이썬(Java/ Python) 교강사 (워라밸),경일게임아카데미,서울 강동구,https://kr.indeed.com/viewjob?jk=3d59d295d8cc83bb
GNSS Positioning Solution Developer,PP-Solution Inc.,서울,https://kr.indeed.com/viewjob?jk=fd781b9ceff1df86
Machine Learning Engineer Intern - Korea,MOLOCO,서울,https://kr.indeed.com/viewjob?jk=69d3cc2cca262747
"Technical Solutions Engineer, Wear OS",Google,서울,https://kr.indeed.com/viewjob?jk=6e40505ede5deff5
[NAVER Z] 데이터 엔지니어,네이버제트,성남 분당구,https://kr.indeed.com/viewjob?jk=59f3955300bad295
"Software Engineer, Camera 3A",구글코리아,서울 강남구,https://kr.indeed.com/viewjob?jk=2bda96895936565a
데이터 엔지니어 (전문연구요원 가능),메쉬코리아,서울 강남구,https://kr.indeed.com/viewjob?jk=e9d820b3e4bb069e
한국행동과학연구소 각 부문 수시,한국행동과학연구소,서울 강남구,https://kr.indeed.com/viewjob?jk=287a2f9783758916
"Back-End Software Engineer, TensorFlow Extended",Google,서울,https://kr.indeed.com/viewjob?jk=03d4455768432ff5
"Software Engineer, People with Disabilities (장애인 채용)",Google,서울,https://kr.indeed.com/viewjob?jk=ac64fda2e281b835
2022년 상반기 백엔드 개발자,반달소프트,성남 분당구,https://kr.indeed.com/viewjob?jk=1601f1bfe3302af5
"Software Engineer, Machine Learning Model Optimization",Google,서울,https://kr.indeed.com/viewjob?jk=4378fee2c37a2b21
백엔드 경력 정규직,라이트비전,서울 성동구,https://kr.indeed.com/viewjob?jk=de8861cf7abf81f8
"Customer Engineer, Corporate, Google Cloud",Google,서울,https://kr.indeed.com/viewjob?jk=0f1a42c235df87db
Network Engineer,에스케이텔레콤,서울 중구,https://kr.indeed.com/viewjob?jk=ef4f835e3c0b953e
기술 인턴 인공지능 응용 연구/개발 인턴,써로마인드로보틱스,서울 관악구,https://kr.indeed.com/viewjob?jk=71c47ac87bb4087e
"Charging Operations Specialist, APAC Charging (English Speak...",Tesla,서울 강남구,https://kr.indeed.com/viewjob?jk=a91e307a449bbf1f
산업용 솔루션 개발,(주)넥시빌,경기도 고양,https://kr.indeed.com/viewjob?jk=789cfa298329897f
Deep Learning Researcher (Intern),15 Qualcomm Korea YH,서울,https://kr.indeed.com/viewjob?jk=4921c164c6b7d785
Renewable Energy Analyst,DNV,서울,https://kr.indeed.com/viewjob?jk=cadddc1d517bc19b
신입/경력사원,LG이노텍,서울 마곡역,https://kr.indeed.com/viewjob?jk=0d0018d464c0d7f8
[TmaxAI/R&D] NLP/음성 부문 AI모델 개발자(*전문연구요원 병역특례포함),티맥스소프트,성남 분당구,https://kr.indeed.com/viewjob?jk=5b90e74ac08353b4
[데이터엔지니어링팀] Data Engineer (시니어),직방,서울 종로구,https://kr.indeed.com/viewjob?jk=90a5499c9fafaf8e
데이터 엔지니어 - Global Leading Consulting Firm,에스에프인촌,서울,https://kr.indeed.com/viewjob?jk=e61510c28b68c778
AI Research Engineer for NNCF,Intel,서울,https://kr.indeed.com/viewjob?jk=84db2475d27626ff
"[리얼클래스]백엔드 개발자 (Backend Developer, Python)",퀄슨,서울 강남구,https://kr.indeed.com/viewjob?jk=c2d17e5250562256
Data Analyst (토스페이먼츠),비바리퍼블리카,서울 강남구,https://kr.indeed.com/viewjob?jk=19ea187b466768ad
데이터 분석가 영입,카카오페이,성남 분당구,https://kr.indeed.com/viewjob?jk=e93674548793e94c
인공지능 말동무인형 WEB 개발자,미스터마인드,성남 분당구,https://kr.indeed.com/viewjob?jk=56a568e810beef7b
[외국계 스타트업 미소] Business Analyst,유한회사 미소,서울,https://kr.indeed.com/viewjob?jk=51df90967b46e8f0
Cloud 기반 Backend 개발자,에스케이텔레콤,서울 중구,https://kr.indeed.com/viewjob?jk=105e73a65551c9b1
전자산업 소재 대기업 HR 조직개발 대리과장급,인파트너스,서울 종로구,https://kr.indeed.com/viewjob?jk=039b50ca3f44ac39
악성 코드 분석,에스케이쉴더스,성남 분당구,https://kr.indeed.com/viewjob?jk=071af9d7867fb6f8
각 분야별 경력사원 (전 직무),지투알,서울,https://kr.indeed.com/viewjob?jk=bf47f0098c987d2e
[NHN] 인사운영,NHN] [NHN,성남 판교역,https://kr.indeed.com/viewjob?jk=a27cd33cb789697d
"Customer Engineer, Data Analytics, Google Cloud",Google,서울,https://kr.indeed.com/viewjob?jk=e9d6c0d88735bfa3
[TmaxEdu/R&D] 연구 개발자,티맥스소프트,성남 분당구,https://kr.indeed.com/viewjob?jk=5831d883c772b977
Business Analyst_데이터 분석업무_엔터및 음악 분야 산업,워너뮤직 코리아,서울,https://kr.indeed.com/viewjob?jk=4e27dd1eb77d8bc5
Python 프로그래밍 개발자,에스티비전,경기도 파주,https://kr.indeed.com/viewjob?jk=df42726387463c9e
NPU 런타임 SW 엔지니어,딥엑스,성남 분당구,https://kr.indeed.com/viewjob?jk=35c2ac41489508c1
한국전자금융 상반기 각 부문,한국전자금융,서울 마포구,https://kr.indeed.com/viewjob?jk=3bd4b3a778c2d8ad
Software Development Engineer (풀필먼트 개발) (전문연구요원/보충역 가능),메쉬코리아,서울 강남구,https://kr.indeed.com/viewjob?jk=9d03d75a5cb1eee6
하반기 인턴직 모집,한솔그룹,서울 을지로2가,https://kr.indeed.com/viewjob?jk=2f56d4b70c1df086
[인재풀] 아티스트 ART,Electronic Arts,서울,https://kr.indeed.com/viewjob?jk=aac8e9355cb855ac
Klleon R&D(전문연구원 및 정규직),클레온,서울 성동구,https://kr.indeed.com/viewjob?jk=5eed024ee8bba2a5
6G 연구 개발 분야,LG전자,서울 서초구,https://kr.indeed.com/viewjob?jk=b5cdce28972b321e
11번가 클라우드 엔지니어,십일번가,서울 중구,https://kr.indeed.com/viewjob?jk=a7f849e2285c77b7
Enterprise Solutions Engineer,Confluent,서울,https://kr.indeed.com/viewjob?jk=61d4483f34dafa90
[포티투마루] 인공지능(AI) 개발자 전 부문,포티투마루,서울 서초구,https://kr.indeed.com/viewjob?jk=22ffe020e40de675
Intern - Professional Services Consultant (Delivery Consulta...,VMware,서울,https://kr.indeed.com/viewjob?jk=17b00312002b1d5b
(주)클레온 Klleon MLOps Engineer 전문연구원 및 계약직,클레온,서울 성동구,https://kr.indeed.com/viewjob?jk=85d5ca2cd5b4dbfb
Python Programmer,Mofac,서울 서초구,https://kr.indeed.com/viewjob?jk=df21e3bb5d773616
11번가 데이터 엔지니어 분야,십일번가,서울 중구,https://kr.indeed.com/viewjob?jk=5db10488c8c78c55
알파코 빅데이터 기반 딥러닝 부트캠프 3기 교육생,알파코,서울 성동구,https://kr.indeed.com/viewjob?jk=fea0c5077e0f34d3
"Student Training in Engineering Program (STEP) 2022, People...",Google,대한민국,https://kr.indeed.com/viewjob?jk=f8fe6fe8d5e8f401
Data 분야 경력,LG CNS,서울,https://kr.indeed.com/viewjob?jk=6d86e9f32d31c84f
AI트레이딩팀 개발자 (신입/경력),메리츠증권,서울 영등포구+1 지역,https://kr.indeed.com/viewjob?jk=59fd324802d0d42c
[주4.5일] TTS개발 (Python) 및 운영 인재,인라이플,서울 구로구,https://kr.indeed.com/viewjob?jk=b7c94817d9c5fdf8
HDC랩스 R&D 캠퍼스 1기,에이치디씨랩스,성남 분당구,https://kr.indeed.com/viewjob?jk=82fdf394211ea56f
컴퓨터비전 개발자 경력 정규직,라이트비전,서울 성동구,https://kr.indeed.com/viewjob?jk=7bbdf09b53dabb75
Software Engineer,Maxim Integrated,서울,https://kr.indeed.com/viewjob?jk=4dc59712378908df
2022 비플라이소프트 인재,비플라이소프트,서울 광진구,https://kr.indeed.com/viewjob?jk=f70508d3d422add5
데이터분석 전문가 모집,11번가,서울 남대문로5가,https://kr.indeed.com/viewjob?jk=e6f79134827d23a7
"[TmaxMetaverse/R&D] 게임 엔진, 게임 서버, 메타버스 스튜디오, Vision AI 엔진 개발...",티맥스소프트,성남 분당구,https://kr.indeed.com/viewjob?jk=56054fe5f3dd4da8
[ HDC 랩스 ] [HDC랩스] 2022년 상반기 기술연구소 경력,에이치디씨랩스,성남 분당구,https://kr.indeed.com/viewjob?jk=e5b07966d95d324c
침해분석대응 (CERT) 인력 모집,엔씨소프트,성남 판교역,https://kr.indeed.com/viewjob?jk=b0283c555ced2f46
전문연구요원 (병역특례) 수시 (AI / SW 분야),딥엑스,성남 분당구,https://kr.indeed.com/viewjob?jk=d83fc0dd2641f483
[HDC 랩스] HDC랩스 R&D 캠퍼스 1기,현대산업개발,서울특별시,https://kr.indeed.com/viewjob?jk=f299d85cfe9787d7
[외국계 스타트업 미소] Data Analyst,유한회사 미소,서울,https://kr.indeed.com/viewjob?jk=ec5c7ccd76639120
Data Engineer (Finance),비바리퍼블리카,서울 강남구,https://kr.indeed.com/viewjob?jk=261765491e1522d6
Backend Developer (Python/Tech Lead),위대한상상,서울 서초구,https://kr.indeed.com/viewjob?jk=b695a39b738f4fe5
"S/W 엔지니어, 데이터분석 신입/경력 정규직, 인턴",가치랩스,성남 분당구,https://kr.indeed.com/viewjob?jk=5ea9ea023c6ccc03
Associate Software Engineer (AvionX),BOEING,서울,https://kr.indeed.com/viewjob?jk=0c067de742005bfc
각 분야별 인재 Pool 등록,지투알,서울,https://kr.indeed.com/viewjob?jk=a5e926e1d22cdc11
"Software Engineer, Embedded Systems, Android OS",Google,서울,https://kr.indeed.com/viewjob?jk=eaace896c53a52bd
[KSTEC] Prescriptive Analytics 컨설턴트 신입 -2022 성남 메타버스 박람회 상시,지식시스템,성남 분당구,https://kr.indeed.com/viewjob?jk=f6d17472c331cf47
